space	kind	call	file	label	sage_version	url	date_accessed	reproducible	facets_sha256
(S^2twistS^1)#10	lutz		connected_sums_3d	(S^2twistS^1)#10		https://www3.math.tu-berlin.de/IfM/Nachrufe/Frank_Lutz/stellar/library_of_triangulations/connected_sums_3d.txt	2026-09-08	true	d7153d9be67d8f936541ac96786b695831e2a336a17eaf3465acde2a5f63e6c1
(S^2twistS^1)#11	lutz		connected_sums_3d	(S^2twistS^1)#11		https://www3.math.tu-berlin.de/IfM/Nachrufe/Frank_Lutz/stellar/library_of_triangulations/connected_sums_3d.txt	2026-09-08	true	fb223594c6cc8da9ff81556306a88de2d553f2fbf7abc2ce4af0358c740dcaed
(S^2twistS^1)#12	lutz		connected_sums_3d	(S^2twistS^1)#12		https://www3.math.tu-berlin.de/IfM/Nachrufe/Frank_Lutz/stellar/library_of_triangulations/connected_sums_3d.txt	2026-09-08	true	8384bdeac68f4e8048e40ea081c325dccd6af784af6588fd237d0f73055405e7
(S^2twistS^1)#13	lutz		connected_sums_3d	(S^2twistS^1)#13		https://www3.math.tu-berlin.de/IfM/Nachrufe/Frank_Lutz/stellar/library_of_triangulations/connected_sums_3d.txt	2026-09-08	true	6207a80765a7f053a6c30c84504a61294503c58d9f467d7283bffe70d35638a6
(S^2twistS^1)#14	lutz		connected_sums_3d	(S^2twistS^1)#14		https://www3.math.tu-berlin.de/IfM/Nachrufe/Frank_Lutz/stellar/library_of_triangulations/connected_sums_3d.txt	2026-09-08	true	b150a7337df97e3a3bc79aee7495485ed90e2f94eaffff79fb71a571cd8634a4
(S^2twistS^1)#15	lutz		connected_sums_3d	(S^2twistS^1)#15		https://www3.math.tu-berlin.de/IfM/Nachrufe/Frank_Lutz/stellar/library_of_triangulations/connected_sums_3d.txt	2026-09-08	true	bc18ac1df9e2718e78c53b4d22548f63003bf55478788768ba111490bb123a72
(S^2twistS^1)#16	lutz		connected_sums_3d	(S^2twistS^1)#16		https://www3.math.tu-berlin.de/IfM/Nachrufe/Frank_Lutz/stellar/library_of_triangulations/connected_sums_3d.txt	2026-09-08	true	f9e450d7aa86cb979bbed4e303717d2183c6d1f7b31c9cf762dfa775a12ab6e5
(S^2twistS^1)#17	lutz		connected_sums_3d	(S^2twistS^1)#17		https://www3.math.tu-berlin.de/IfM/Nachrufe/Frank_Lutz/stellar/library_of_triangulations/connected_sums_3d.txt	2026-09-08	true	872d498179ee9938c437b73ec7af679b67300151a4ba8f506e850ae1e585e74b
(S^2twistS^1)#18	lutz		connected_sums_3d	(S^2twistS^1)#18		https://www3.math.tu-berlin.de/IfM/Nachrufe/Frank_Lutz/stellar/library_of_triangulations/connected_sums_3d.txt	2026-09-08	true	8adaa82bee0356e1815345c5eabadd4e1bba7c45627ec6111872715eaff8b20d
(S^2twistS^1)#19	lutz		connected_sums_3d	(S^2twistS^1)#19		https://www3.math.tu-berlin.de/IfM/Nachrufe/Frank_Lutz/stellar/library_of_triangulations/connected_sums_3d.txt	2026-09-08	true	81bbe3126dd0d767d89fb0e1e45a3d0f4624e2621647dfe3aa5264df1469ef53
(S^2twistS^1)#2	lutz		connected_sums_3d	(S^2twistS^1)#2		https://www3.math.tu-berlin.de/IfM/Nachrufe/Frank_Lutz/stellar/library_of_triangulations/connected_sums_3d.txt	2026-09-08	true	6229ed44155fa23535633e0456429bd4f389b430ec19389735276e5032db1afd
(S^2twistS^1)#2#L_3_1	lutz		connected_sums_3d	(S^2twistS^1)#2#L_3_1		https://www3.math.tu-berlin.de/IfM/Nachrufe/Frank_Lutz/stellar/library_of_triangulations/connected_sums_3d.txt	2026-09-08	true	7ef419c1ddb1c269f3f9adb4ded525c544329de6e1a943d22f5446510a65ed15
(S^2twistS^1)#2#RP^3	lutz		connected_sums_3d	(S^2twistS^1)#2#RP^3		https://www3.math.tu-berlin.de/IfM/Nachrufe/Frank_Lutz/stellar/library_of_triangulations/connected_sums_3d.txt	2026-09-08	true	3da01966358fff0982caf9bba944e64d13c799a41772fea0542e6b01dc9b9e70
(S^2twistS^1)#20	lutz		connected_sums_3d	(S^2twistS^1)#20		https://www3.math.tu-berlin.de/IfM/Nachrufe/Frank_Lutz/stellar/library_of_triangulations/connected_sums_3d.txt	2026-09-08	true	0a6524438330880e03a043349a7430672759d90e345b310f100b338e06e9bef1
(S^2twistS^1)#3	lutz		connected_sums_3d	(S^2twistS^1)#3		https://www3.math.tu-berlin.de/IfM/Nachrufe/Frank_Lutz/stellar/library_of_triangulations/connected_sums_3d.txt	2026-09-08	true	5fb7d5758e9b7fecf6ae396bbd7eb9e34b9ca68de3dcc18a355d6931e02a76b1
(S^2twistS^1)#3#RP^3	lutz		connected_sums_3d	(S^2twistS^1)#3#RP^3		https://www3.math.tu-berlin.de/IfM/Nachrufe/Frank_Lutz/stellar/library_of_triangulations/connected_sums_3d.txt	2026-09-08	true	a00ed61ef076b7ebfc8bf0a3928b4dbe1ed703f720797c3594e548a7aa50add5
(S^2twistS^1)#4	lutz		connected_sums_3d	(S^2twistS^1)#4		https://www3.math.tu-berlin.de/IfM/Nachrufe/Frank_Lutz/stellar/library_of_triangulations/connected_sums_3d.txt	2026-09-08	true	bb2521f82a0d07941af393d38403146d2e3d42037eb4aeb666907354337d83f6
(S^2twistS^1)#4#RP^3	lutz		connected_sums_3d	(S^2twistS^1)#4#RP^3		https://www3.math.tu-berlin.de/IfM/Nachrufe/Frank_Lutz/stellar/library_of_triangulations/connected_sums_3d.txt	2026-09-08	true	ac22e7ec7ed82d9f68cfae578008165eb7987a93ec9fe7c05bf5ad111dcbee67
(S^2twistS^1)#5	lutz		connected_sums_3d	(S^2twistS^1)#5		https://www3.math.tu-berlin.de/IfM/Nachrufe/Frank_Lutz/stellar/library_of_triangulations/connected_sums_3d.txt	2026-09-08	true	07526bb36f9c6938bb4cf65030ed1be049977d2f643d58c9851f8e6d311237af
(S^2twistS^1)#5#RP^3	lutz		connected_sums_3d	(S^2twistS^1)#5#RP^3		https://www3.math.tu-berlin.de/IfM/Nachrufe/Frank_Lutz/stellar/library_of_triangulations/connected_sums_3d.txt	2026-09-08	true	3079410eeb6fa00a557ea9efe5cf5c3dfab3bb4a12f05b2208cf6f7a68125a4c
(S^2twistS^1)#6	lutz		connected_sums_3d	(S^2twistS^1)#6		https://www3.math.tu-berlin.de/IfM/Nachrufe/Frank_Lutz/stellar/library_of_triangulations/connected_sums_3d.txt	2026-09-08	true	787f7416e795185e42b0409fc601d70f1c3db3b306822eb8caa4908c3bca6022
(S^2twistS^1)#7	lutz		connected_sums_3d	(S^2twistS^1)#7		https://www3.math.tu-berlin.de/IfM/Nachrufe/Frank_Lutz/stellar/library_of_triangulations/connected_sums_3d.txt	2026-09-08	true	08ed91c035a2ba42e98a6c8380ecde2657c1f731a28c385b4778b88cbc7e8dc4
(S^2twistS^1)#8	lutz		connected_sums_3d	(S^2twistS^1)#8		https://www3.math.tu-berlin.de/IfM/Nachrufe/Frank_Lutz/stellar/library_of_triangulations/connected_sums_3d.txt	2026-09-08	true	04d0b43a3f9f3f775371c27d501bc1e9df17b716e2abf09fc6fc43a6737629f8
(S^2twistS^1)#9	lutz		connected_sums_3d	(S^2twistS^1)#9		https://www3.math.tu-berlin.de/IfM/Nachrufe/Frank_Lutz/stellar/library_of_triangulations/connected_sums_3d.txt	2026-09-08	true	e1c0a832973870c65123b97bc8c086d302a1575041fcc6178de560210267b71c
(S^2twistS^1)#L_3_1	lutz		connected_sums_3d	(S^2twistS^1)#L_3_1		https://www3.math.tu-berlin.de/IfM/Nachrufe/Frank_Lutz/stellar/library_of_triangulations/connected_sums_3d.txt	2026-09-08	true	857e6765d30e5d4dba092a563d8e0d02f518e050cde9b6235909d5cf4685033e
(S^2twistS^1)#RP^3	lutz		connected_sums_3d	(S^2twistS^1)#RP^3		https://www3.math.tu-berlin.de/IfM/Nachrufe/Frank_Lutz/stellar/library_of_triangulations/connected_sums_3d.txt	2026-09-08	true	c12dabfd74f96d039da45c9fbbaf83a27702d932e68231ddbcecb0c973b912da
(S^2xS^1)#10	lutz		connected_sums_3d	(S^2xS^1)#10		https://www3.math.tu-berlin.de/IfM/Nachrufe/Frank_Lutz/stellar/library_of_triangulations/connected_sums_3d.txt	2026-09-08	true	108d4422ee9568fe977f1db9f04741084366f850c52cb227fd1026878abcd51d
(S^2xS^1)#11	lutz		connected_sums_3d	(S^2xS^1)#11		https://www3.math.tu-berlin.de/IfM/Nachrufe/Frank_Lutz/stellar/library_of_triangulations/connected_sums_3d.txt	2026-09-08	true	34bb2112791d8bc53a3d75e038a1148e515ba65c1b47b127b5036e4157cb0b21
(S^2xS^1)#12	lutz		connected_sums_3d	(S^2xS^1)#12		https://www3.math.tu-berlin.de/IfM/Nachrufe/Frank_Lutz/stellar/library_of_triangulations/connected_sums_3d.txt	2026-09-08	true	192af15a9b907c0f697781394487d2e6fc7e11d9d6e269bd5fe225536833eb88
(S^2xS^1)#13	lutz		connected_sums_3d	(S^2xS^1)#13		https://www3.math.tu-berlin.de/IfM/Nachrufe/Frank_Lutz/stellar/library_of_triangulations/connected_sums_3d.txt	2026-09-08	true	1c0bdd66ccd286a6b163b522767031dce0fb76fd7afb1df0f2673f298a3c03f7
(S^2xS^1)#14	lutz		connected_sums_3d	(S^2xS^1)#14		https://www3.math.tu-berlin.de/IfM/Nachrufe/Frank_Lutz/stellar/library_of_triangulations/connected_sums_3d.txt	2026-09-08	true	6f2727ad867574f048f58067e2fb081b0bc992ad8adb7cb485add7083a1f7942
(S^2xS^1)#15	lutz		connected_sums_3d	(S^2xS^1)#15		https://www3.math.tu-berlin.de/IfM/Nachrufe/Frank_Lutz/stellar/library_of_triangulations/connected_sums_3d.txt	2026-09-08	true	760156e28d2ba357cf229b6afab39e0f8d045a2ca83ba8269b922784fc375187
(S^2xS^1)#16	lutz		connected_sums_3d	(S^2xS^1)#16		https://www3.math.tu-berlin.de/IfM/Nachrufe/Frank_Lutz/stellar/library_of_triangulations/connected_sums_3d.txt	2026-09-08	true	33e0952b3253fa84f3410574a7225e997d2719776cd04b359f5271ca5965badc
(S^2xS^1)#17	lutz		connected_sums_3d	(S^2xS^1)#17		https://www3.math.tu-berlin.de/IfM/Nachrufe/Frank_Lutz/stellar/library_of_triangulations/connected_sums_3d.txt	2026-09-08	true	0b274d1286f1059b2a58f9126633fa251b38b95f2764a2fface3d3388cb54cfa
(S^2xS^1)#18	lutz		connected_sums_3d	(S^2xS^1)#18		https://www3.math.tu-berlin.de/IfM/Nachrufe/Frank_Lutz/stellar/library_of_triangulations/connected_sums_3d.txt	2026-09-08	true	d0af67afd929c70706fce46a216cdc6253e8bd34a763d9074b9eead741d3607c
(S^2xS^1)#19	lutz		connected_sums_3d	(S^2xS^1)#19		https://www3.math.tu-berlin.de/IfM/Nachrufe/Frank_Lutz/stellar/library_of_triangulations/connected_sums_3d.txt	2026-09-08	true	114024c5d3a7ad783d91b1180cb7fe97dc5079fe53477a972dbc9b86003921bd
(S^2xS^1)#2	lutz		connected_sums_3d	(S^2xS^1)#2		https://www3.math.tu-berlin.de/IfM/Nachrufe/Frank_Lutz/stellar/library_of_triangulations/connected_sums_3d.txt	2026-09-08	true	d6cff95d547efbab4b9efc44d8234034bb1e2721422d6a33d83e614794b88f62
(S^2xS^1)#2#L_3_1	lutz		connected_sums_3d	(S^2xS^1)#2#L_3_1		https://www3.math.tu-berlin.de/IfM/Nachrufe/Frank_Lutz/stellar/library_of_triangulations/connected_sums_3d.txt	2026-09-08	true	fee4fccb3f2c97623acdc638b6a94bf9fb1f85ec8c0cb51829d394f7f2375a7e
(S^2xS^1)#2#RP^3	lutz		connected_sums_3d	(S^2xS^1)#2#RP^3		https://www3.math.tu-berlin.de/IfM/Nachrufe/Frank_Lutz/stellar/library_of_triangulations/connected_sums_3d.txt	2026-09-08	true	180896384d00ee12163c2d67f938a64ce0ba871744998329eb765a76724eec2b
(S^2xS^1)#20	lutz		connected_sums_3d	(S^2xS^1)#20		https://www3.math.tu-berlin.de/IfM/Nachrufe/Frank_Lutz/stellar/library_of_triangulations/connected_sums_3d.txt	2026-09-08	true	660373ac3a219c9642a13cd3b7fa704045edb6f18e822b6d6658f6c32c390797
(S^2xS^1)#3	lutz		connected_sums_3d	(S^2xS^1)#3		https://www3.math.tu-berlin.de/IfM/Nachrufe/Frank_Lutz/stellar/library_of_triangulations/connected_sums_3d.txt	2026-09-08	true	8774a83e52528a5e9ff1a97324255785c8522f54b7a39a556db88c9deb608bd9
(S^2xS^1)#3#RP^3	lutz		connected_sums_3d	(S^2xS^1)#3#RP^3		https://www3.math.tu-berlin.de/IfM/Nachrufe/Frank_Lutz/stellar/library_of_triangulations/connected_sums_3d.txt	2026-09-08	true	20139f1a1d3ef0799cf7b30193595e151190230d7282d510895ef44f4bce1101
(S^2xS^1)#4	lutz		connected_sums_3d	(S^2xS^1)#4		https://www3.math.tu-berlin.de/IfM/Nachrufe/Frank_Lutz/stellar/library_of_triangulations/connected_sums_3d.txt	2026-09-08	true	5acfa04dcccdc1964fbfc44bbfc97c6e7a1765b70d3106b122d425dc5bf7839c
(S^2xS^1)#4#RP^3	lutz		connected_sums_3d	(S^2xS^1)#4#RP^3		https://www3.math.tu-berlin.de/IfM/Nachrufe/Frank_Lutz/stellar/library_of_triangulations/connected_sums_3d.txt	2026-09-08	true	573d54e398b85bcd59edecefbb1c79eeab3b6e1a89532d82ea5f20ed9450d414
(S^2xS^1)#5	lutz		connected_sums_3d	(S^2xS^1)#5		https://www3.math.tu-berlin.de/IfM/Nachrufe/Frank_Lutz/stellar/library_of_triangulations/connected_sums_3d.txt	2026-09-08	true	3d3d281241cd79bb6918aba965ecd1b758f7803afade5e2c9e2b050f69b28e7b
(S^2xS^1)#5#RP^3	lutz		connected_sums_3d	(S^2xS^1)#5#RP^3		https://www3.math.tu-berlin.de/IfM/Nachrufe/Frank_Lutz/stellar/library_of_triangulations/connected_sums_3d.txt	2026-09-08	true	a511fe368982bcda299caf9b20edf40ceb32edb22fce899170b2d58f18059d48
(S^2xS^1)#6	lutz		connected_sums_3d	(S^2xS^1)#6		https://www3.math.tu-berlin.de/IfM/Nachrufe/Frank_Lutz/stellar/library_of_triangulations/connected_sums_3d.txt	2026-09-08	true	7ddc4f020545ce8367453f3cf21a10328dce3edf7639958f4f774d2e1c30c8f8
(S^2xS^1)#7	lutz		connected_sums_3d	(S^2xS^1)#7		https://www3.math.tu-berlin.de/IfM/Nachrufe/Frank_Lutz/stellar/library_of_triangulations/connected_sums_3d.txt	2026-09-08	true	875cc166c058288f15c2053f0f7a427262c9ef227aee5585d4299e19cd4f00f9
(S^2xS^1)#8	lutz		connected_sums_3d	(S^2xS^1)#8		https://www3.math.tu-berlin.de/IfM/Nachrufe/Frank_Lutz/stellar/library_of_triangulations/connected_sums_3d.txt	2026-09-08	true	42f9ed686ff815f2d9808eb2caebf9de1cdbb39f687db987ac6896afeac7f8d4
(S^2xS^1)#9	lutz		connected_sums_3d	(S^2xS^1)#9		https://www3.math.tu-berlin.de/IfM/Nachrufe/Frank_Lutz/stellar/library_of_triangulations/connected_sums_3d.txt	2026-09-08	true	945e1abd17a32c4196a92ecd45722e85bb1437daeec3e9a2cd6711a75e875bff
(S^2xS^1)#L_3_1	lutz		connected_sums_3d	(S^2xS^1)#L_3_1		https://www3.math.tu-berlin.de/IfM/Nachrufe/Frank_Lutz/stellar/library_of_triangulations/connected_sums_3d.txt	2026-09-08	true	daf88b0fd3aa2f1de457bf9c7a9302e10d8cabe56c770d9ee7685e683402bbb1
(S^2xS^1)#RP^3	lutz		connected_sums_3d	(S^2xS^1)#RP^3		https://www3.math.tu-berlin.de/IfM/Nachrufe/Frank_Lutz/stellar/library_of_triangulations/connected_sums_3d.txt	2026-09-08	true	e3a5c6ced49f82e7cf0b5ec913b4a3fbe4c6e48e601cf61fe5314ff4a567dd87
(S^2xS^2)#(S^2xS^2)	lutz		small_4_manifolds	(S^2xS^2)#(S^2xS^2)		https://www3.math.tu-berlin.de/IfM/Nachrufe/Frank_Lutz/stellar/library_of_triangulations/small_4_manifolds.txt	2026-09-08	true	0e815af2f515c75a825589d5a7079d1066bc3cb5d12b839f5410f15045f089fe
B2	lutz		flat_3manifolds	B2		https://www3.math.tu-berlin.de/IfM/Nachrufe/Frank_Lutz/stellar/library_of_triangulations/flat_3manifolds.txt	2026-09-08	true	f051a3139763117a4cc6fe74b6add6cd42cc67cc2455e2a3b2527199a59a5748
B3	lutz		flat_3manifolds	B3		https://www3.math.tu-berlin.de/IfM/Nachrufe/Frank_Lutz/stellar/library_of_triangulations/flat_3manifolds.txt	2026-09-08	true	ba52d473c8506d36ad2d7262f54b4d270158c109c600582b31d6cd707c69f286
B4	lutz		flat_3manifolds	B4		https://www3.math.tu-berlin.de/IfM/Nachrufe/Frank_Lutz/stellar/library_of_triangulations/flat_3manifolds.txt	2026-09-08	true	122efca7b5591f5acb237d01867564d072108343dafd5c36ea1e25aee96d45c4
CP^2	sage	ComplexProjectivePlane()			SageMath version 10.3, Release Date: 2024-03-19			true	d971a268a347c27aa9ddda5c5b04290d9d98049297f4a9cc73e7fddf9454a34a
CP^2#(S^2xS^2)	lutz		small_4_manifolds	CP^2#(S^2xS^2)		https://www3.math.tu-berlin.de/IfM/Nachrufe/Frank_Lutz/stellar/library_of_triangulations/small_4_manifolds.txt	2026-09-08	true	342a9f76df3030711c77c876abba02eb09409f922cf2856ae546a67398c72369
CP^2#-CP^2	lutz		small_4_manifolds	CP^2#-CP^2		https://www3.math.tu-berlin.de/IfM/Nachrufe/Frank_Lutz/stellar/library_of_triangulations/small_4_manifolds.txt	2026-09-08	true	291a03a28fa86d5ce0c37463a376b4268785386ac11ad0d0fcc4a5ee74507a32
CP^2#CP^2	lutz		small_4_manifolds	CP^2#CP^2		https://www3.math.tu-berlin.de/IfM/Nachrufe/Frank_Lutz/stellar/library_of_triangulations/small_4_manifolds.txt	2026-09-08	true	24585a8caf0e0bd9be08f46cbad92594fef2c5461e8ec8eebb5e154842d7a0b6
CP^3	arxiv	1012.3235				https://arxiv.org/abs/1012.3235	2026-09-08	true	f7f58a27e2315c39c4bbda1a6de275f9321821248213726aa5deae13dacdecfe
Chessboard(3,3)	sage	ChessboardComplex(3,3)			SageMath version 10.3, Release Date: 2024-03-19			true	36c6de34c4992f487ed1c5b9e5253e17268bdce5c50c048ad3a8648d036a1c6b
Chessboard(4,4)	sage	ChessboardComplex(4,4)			SageMath version 10.3, Release Date: 2024-03-19			true	7c25bcfad260c5d494dc18ef1f382b98f1ec1501df2d4e6d12f759fdc6666912
G2	lutz		flat_3manifolds	G2		https://www3.math.tu-berlin.de/IfM/Nachrufe/Frank_Lutz/stellar/library_of_triangulations/flat_3manifolds.txt	2026-09-08	true	fa01414e34773c4a337dacd61b8785158d2b1e958b6bcd867c1b23aaae9b2ab5
G3	lutz		flat_3manifolds	G3		https://www3.math.tu-berlin.de/IfM/Nachrufe/Frank_Lutz/stellar/library_of_triangulations/flat_3manifolds.txt	2026-09-08	true	ff0f4e6d79cc29006b9260499b47ce40489e0a444ac9e70414e34cf3777c673a
G4	lutz		flat_3manifolds	G4		https://www3.math.tu-berlin.de/IfM/Nachrufe/Frank_Lutz/stellar/library_of_triangulations/flat_3manifolds.txt	2026-09-08	true	b75d3daff30243fd9c96032a606844087f7d1dcfb037ad459e14add298faac4a
G5	lutz		flat_3manifolds	G5		https://www3.math.tu-berlin.de/IfM/Nachrufe/Frank_Lutz/stellar/library_of_triangulations/flat_3manifolds.txt	2026-09-08	true	299e3e91292bcd3afddc82a1c5eb80c6bd6782b8267c7adc6f7d1eb43c580c7c
G6	lutz		flat_3manifolds	G6		https://www3.math.tu-berlin.de/IfM/Nachrufe/Frank_Lutz/stellar/library_of_triangulations/flat_3manifolds.txt	2026-09-08	true	d52d76b2b749424b8222d23e52d7953337f7c9ece2c4646a77c85cdef598e502
HMT_16	lutz		HMT_16			https://www3.math.tu-berlin.de/IfM/Nachrufe/Frank_Lutz/stellar/library_of_triangulations/HMT_16.txt	2026-09-08	true	7502d9b7d8d13538b27418b334529a9beb351baa7ad535c9a857d42bc87878cf
HMT_32	lutz		HMT_32			https://www3.math.tu-berlin.de/IfM/Nachrufe/Frank_Lutz/stellar/library_of_triangulations/HMT_32.txt	2026-09-08	true	863933ce3f7605f444691f1220293d1cf01d27fbb7861ee06e88faff5c9a8ed3
HMT_4	lutz		HMT_4			https://www3.math.tu-berlin.de/IfM/Nachrufe/Frank_Lutz/stellar/library_of_triangulations/HMT_4.txt	2026-09-08	true	53858a16398aa8ba1454a2d40f9cccc1350531989d6c0771555efcaff20adcc5
HMT_8	lutz		HMT_8			https://www3.math.tu-berlin.de/IfM/Nachrufe/Frank_Lutz/stellar/library_of_triangulations/HMT_8.txt	2026-09-08	true	226acd5be28021ecbf707c4771473a1b4958168403fa7d4991dd56708240db0d
HP^2	sage	QuaternionicProjectivePlane()			SageMath version 10.3, Release Date: 2024-03-19			true	e8ecf934af8e087c497d1a50e5db5f6b39d718119a7500500209acdce3bc1215
Hom_C6_compl_K5_small	lutz		Hom_C6_compl_K5_small			https://www3.math.tu-berlin.de/IfM/Nachrufe/Frank_Lutz/stellar/library_of_triangulations/Hom_C6_compl_K5_small.txt	2026-09-08	true	65a0310a17cbf9bdf18149f793ce1548acf39c56dabdc42860495776439b8272
K3	sage	K3Surface()			SageMath version 10.3, Release Date: 2024-03-19			true	22d52e886f630bce38fb1d54f5bb05c4ac84bf66d4115c97a0dd8ad3016a358e
Klein bottle	sage	KleinBottle()			SageMath version 10.3, Release Date: 2024-03-19			true	ab5cc0284d39d4f3133aadceac2ac52140d143fb9e1f406e6b0bf5bcd8f7d80f
KxS^1	lutz		flat_3manifolds	KxS^1		https://www3.math.tu-berlin.de/IfM/Nachrufe/Frank_Lutz/stellar/library_of_triangulations/flat_3manifolds.txt	2026-09-08	true	f01701a917c0ded6a27de556803fb3932b06f3c748857917f904a129f07e6bd3
L(10,1)	lutz		spherical_3manifolds	L_10_1		https://www3.math.tu-berlin.de/IfM/Nachrufe/Frank_Lutz/stellar/library_of_triangulations/spherical_3manifolds.txt	2026-09-08	true	808f3476f3010a6a8381223098fd53faea6985fd72985342966054572b6c8961
L(10,3)	lutz		spherical_3manifolds	L_10_3		https://www3.math.tu-berlin.de/IfM/Nachrufe/Frank_Lutz/stellar/library_of_triangulations/spherical_3manifolds.txt	2026-09-08	true	bb8fb8b7b25df85a7a2f1e7f9a6e0cdc4b1ecc17a84a862eb893623af0b13185
L(3,1)	lutz		spherical_3manifolds	L_3_1		https://www3.math.tu-berlin.de/IfM/Nachrufe/Frank_Lutz/stellar/library_of_triangulations/spherical_3manifolds.txt	2026-09-08	true	3aef806f5d590f7245df99b97edd379160d301f7512ead8e313ce85e0bc8cc95
L(4,1)	lutz		spherical_3manifolds	L_4_1		https://www3.math.tu-berlin.de/IfM/Nachrufe/Frank_Lutz/stellar/library_of_triangulations/spherical_3manifolds.txt	2026-09-08	true	f479539defe324671cbb5b780a16ec65702aea0ab3e0c8b9c6ea9014fdd38001
L(5,1)	lutz		spherical_3manifolds	L_5_1		https://www3.math.tu-berlin.de/IfM/Nachrufe/Frank_Lutz/stellar/library_of_triangulations/spherical_3manifolds.txt	2026-09-08	true	43c09eca1cf9f8fab38cecb3cdde956c90732313acf14ed8de68cc7701ddb46e
L(5,2)	lutz		spherical_3manifolds	L_5_2		https://www3.math.tu-berlin.de/IfM/Nachrufe/Frank_Lutz/stellar/library_of_triangulations/spherical_3manifolds.txt	2026-09-08	true	d3e02049dee237464e5d8eef288109ac8c86de60272e13c91ef3ec9edb6907b1
L(6,1)	lutz		spherical_3manifolds	L_6_1		https://www3.math.tu-berlin.de/IfM/Nachrufe/Frank_Lutz/stellar/library_of_triangulations/spherical_3manifolds.txt	2026-09-08	true	5db07ea8d06469439bf8d8b3f32e011fe7d6e62b381efd6f44da33fade2dc2cb
L(7,1)	lutz		spherical_3manifolds	L_7_1		https://www3.math.tu-berlin.de/IfM/Nachrufe/Frank_Lutz/stellar/library_of_triangulations/spherical_3manifolds.txt	2026-09-08	true	a66a148fc40abc340f219234c0259e1810eae532a9d8089e088b75f30e0a09ab
L(7,2)	lutz		spherical_3manifolds	L_7_2		https://www3.math.tu-berlin.de/IfM/Nachrufe/Frank_Lutz/stellar/library_of_triangulations/spherical_3manifolds.txt	2026-09-08	true	d204cb1bc4f65f7387a378df17a9f6918d3c4fdd2766f7aa36cbc22fce82538b
L(8,1)	lutz		spherical_3manifolds	L_8_1		https://www3.math.tu-berlin.de/IfM/Nachrufe/Frank_Lutz/stellar/library_of_triangulations/spherical_3manifolds.txt	2026-09-08	true	fcfb2b2901f9b50f5313106fba1f6c65da96e3ee6b2801786820eeb2ef39225b
L(8,3)	lutz		spherical_3manifolds	L_8_3		https://www3.math.tu-berlin.de/IfM/Nachrufe/Frank_Lutz/stellar/library_of_triangulations/spherical_3manifolds.txt	2026-09-08	true	7f8a8b654a6039785f534d297f5d36aeef536d285de528aed5ed2392866c6e22
L(9,1)	lutz		spherical_3manifolds	L_9_1		https://www3.math.tu-berlin.de/IfM/Nachrufe/Frank_Lutz/stellar/library_of_triangulations/spherical_3manifolds.txt	2026-09-08	true	a91da068f350aa8207d967d82d54550d6d4a8037ac5b11e46470dc1cfac2ac42
L(9,2)	lutz		spherical_3manifolds	L_9_2		https://www3.math.tu-berlin.de/IfM/Nachrufe/Frank_Lutz/stellar/library_of_triangulations/spherical_3manifolds.txt	2026-09-08	true	00bce5de00f6bebfc170973eb2be8a0b151df6909caab1895a627d85c3227720
L_3_1#-L_3_1	lutz		connected_sums_3d	L_3_1#-L_3_1		https://www3.math.tu-berlin.de/IfM/Nachrufe/Frank_Lutz/stellar/library_of_triangulations/connected_sums_3d.txt	2026-09-08	true	45e4b58fa5f04956dce97c3f0d596412cff580689b46d77e334687516785a1cd
L_3_1#L_3_1	lutz		connected_sums_3d	L_3_1#L_3_1		https://www3.math.tu-berlin.de/IfM/Nachrufe/Frank_Lutz/stellar/library_of_triangulations/connected_sums_3d.txt	2026-09-08	true	4a39187aff773099e91db2cfe56a2e6cde6a60e8390ab24c397a9d38794970f2
M(Z/3,1)	sage	MooreSpace(3)			SageMath version 10.3, Release Date: 2024-03-19			true	32f03e68192ba369f9c453cc651bfb6ce75975ae2484a2056216a6bde04ca7b9
M(Z/4,1)	sage	MooreSpace(4)			SageMath version 10.3, Release Date: 2024-03-19			true	9d864a11d11767283ab2c17e84d17c78c4ecb212b0d621a1539952d665a0c41d
M(Z/5,2)	sage	MooreSpace(5).suspension(1)			SageMath version 10.3, Release Date: 2024-03-19			true	c700440f61001b376ee6d84a06893de9ff2e9f53cdc65b7a1509def62c857816
M(Z/7,3)	sage	MooreSpace(7).suspension(2)			SageMath version 10.3, Release Date: 2024-03-19			true	8d46473cddadd770a61300a2bb3bbf42ed9a3afa98ee7018ef433d3b407614e1
M(Z/8,4)	sage	MooreSpace(8).suspension(3)			SageMath version 10.3, Release Date: 2024-03-19			true	5ce9c634e80ea7143e598665dc63569e0270470953209ea2b70f6fcaaecdfb48
M(Z/9,2)	sage	MooreSpace(9).suspension(1)			SageMath version 10.3, Release Date: 2024-03-19			true	abaaa54589e044a1e59d5d728b149fb3491395bfacb159c767113d6a91f3da73
Matching(5)	sage	MatchingComplex(5)			SageMath version 10.3, Release Date: 2024-03-19			true	aec5b5c24ef0587f4acd9ae424d49cbcee157abc060f1674d6719e8633251bcb
Matching(6)	sage	MatchingComplex(6)			SageMath version 10.3, Release Date: 2024-03-19			true	df80b7ed4f1b31b018c8a1fe3de107d81e59191f501e1beffc302d05ace7bee6
Matching(7)	sage	MatchingComplex(7)			SageMath version 10.3, Release Date: 2024-03-19			true	cc2e699c081b9b613dade057c4a00bbd9f8dda5676efc81d8e4f021a19c4dbed
N_10 x S^1	lutz		H2xR_spaces	n_g10xS1		https://www3.math.tu-berlin.de/IfM/Nachrufe/Frank_Lutz/stellar/library_of_triangulations/H2xR_spaces.txt	2026-09-08	true	c89166968c3e5f72150bd02a2f5eddc0382e5871afe4b67aa90e7d18652a58c9
N_3	sage	SurfaceOfGenus(3, orientable=False)			SageMath version 10.3, Release Date: 2024-03-19			false	a5ab3124e861e4c94704c66b6b7ce92e23a0415797e74a6b1dc24fd6ed3e7154
N_3 x S^1	lutz		H2xR_spaces	n_g3xS1		https://www3.math.tu-berlin.de/IfM/Nachrufe/Frank_Lutz/stellar/library_of_triangulations/H2xR_spaces.txt	2026-09-08	true	3cf157ae3b9dbf118918ef277db8b73040d38bdc12c5db5e3c75edc0723d017b
N_4	sage	SurfaceOfGenus(4, orientable=False)			SageMath version 10.3, Release Date: 2024-03-19			false	f6a7506270371cab354240759382506f5a75e38c247e07c36ddfb786f7ccc3da
N_4 x S^1	lutz		H2xR_spaces	n_g4xS1		https://www3.math.tu-berlin.de/IfM/Nachrufe/Frank_Lutz/stellar/library_of_triangulations/H2xR_spaces.txt	2026-09-08	true	50a2ffa2826c51fd9e4b1efd9e5ddbb7e4fd31ad5e476c77371949e967f170e8
N_5	sage	SurfaceOfGenus(5, orientable=False)			SageMath version 10.3, Release Date: 2024-03-19			false	d5406d0e665d616de1193f8960f71c0407ce0c8898ddb17085fe7653dea7c427
N_5 x S^1	lutz		H2xR_spaces	n_g5xS1		https://www3.math.tu-berlin.de/IfM/Nachrufe/Frank_Lutz/stellar/library_of_triangulations/H2xR_spaces.txt	2026-09-08	true	6fa21e609a3329ae214b11500aeba09021b451b6ae0fcc92e312bd11f2bbfc94
N_6	sage	SurfaceOfGenus(6, orientable=False)			SageMath version 10.3, Release Date: 2024-03-19			false	c9cb63176292efba7bbaf988eb2649f6823a1bad30134532d8c913123eb27390
N_6 x S^1	lutz		H2xR_spaces	n_g6xS1		https://www3.math.tu-berlin.de/IfM/Nachrufe/Frank_Lutz/stellar/library_of_triangulations/H2xR_spaces.txt	2026-09-08	true	92f7c3223fd08810a60e11e3cc9095b96b02cfb7a566c8ec85af6a747fb9bda9
N_7 x S^1	lutz		H2xR_spaces	n_g7xS1		https://www3.math.tu-berlin.de/IfM/Nachrufe/Frank_Lutz/stellar/library_of_triangulations/H2xR_spaces.txt	2026-09-08	true	c544dc591bc887cb674b68596098d17c8a6b3485063b331d8d07f12eb165e919
N_8 x S^1	lutz		H2xR_spaces	n_g8xS1		https://www3.math.tu-berlin.de/IfM/Nachrufe/Frank_Lutz/stellar/library_of_triangulations/H2xR_spaces.txt	2026-09-08	true	8d7ab41245937a1097e137579de3f75615fe96148954a7483779436ce98fd3bd
N_9 x S^1	lutz		H2xR_spaces	n_g9xS1		https://www3.math.tu-berlin.de/IfM/Nachrufe/Frank_Lutz/stellar/library_of_triangulations/H2xR_spaces.txt	2026-09-08	true	5a535dbe5b6edf5383eab3f6688442b4f447260698e4b14ac77ee85ad4560811
Nil_Oo1_1	lutz		nil_3manifolds	Nil_Oo1_1		https://www3.math.tu-berlin.de/IfM/Nachrufe/Frank_Lutz/stellar/library_of_triangulations/nil_3manifolds.txt	2026-09-08	true	fd8e7e80d8790b9ac0c19bbc042dbd53038a72d6cd0f96661d406cd3f99c75f4
Nil_Oo1_2	lutz		nil_3manifolds	Nil_Oo1_2		https://www3.math.tu-berlin.de/IfM/Nachrufe/Frank_Lutz/stellar/library_of_triangulations/nil_3manifolds.txt	2026-09-08	true	8ec82930cf24aab58e4679e3c3b7eabd1e871d12385eca68169147b99c2aa590
Nil_Oo1_3	lutz		nil_3manifolds	Nil_Oo1_3		https://www3.math.tu-berlin.de/IfM/Nachrufe/Frank_Lutz/stellar/library_of_triangulations/nil_3manifolds.txt	2026-09-08	true	4c7925b9240ccdd9a954ce752486d607bfe10895e044722ebb9415eeb32b4d47
Nil_Oo1_4	lutz		nil_3manifolds	Nil_Oo1_4		https://www3.math.tu-berlin.de/IfM/Nachrufe/Frank_Lutz/stellar/library_of_triangulations/nil_3manifolds.txt	2026-09-08	true	cfe67b52f3942c66f2187ce172a3619d23879f73dea4a858a209545bffa6d467
Nil_Oo1_5	lutz		nil_3manifolds	Nil_Oo1_5		https://www3.math.tu-berlin.de/IfM/Nachrufe/Frank_Lutz/stellar/library_of_triangulations/nil_3manifolds.txt	2026-09-08	true	a6e67de674aa837be2511aa3ae0d706c8c0b92ca34a84acf7778046c824ea2fa
NotIConnected(5,2)	sage	NotIConnectedGraphs(5,2)			SageMath version 10.3, Release Date: 2024-03-19			true	b4dbbe03c829715b5afc56e0885f337eb80adb4f8bd958331be5364b6749630b
P_10	lutz		spherical_3manifolds	P_10		https://www3.math.tu-berlin.de/IfM/Nachrufe/Frank_Lutz/stellar/library_of_triangulations/spherical_3manifolds.txt	2026-09-08	true	6a3a7a680896e3f9a18f2d47d1ea623d57f026b05d9244bc8863c4d01d893add
P_3	lutz		spherical_3manifolds	P_3		https://www3.math.tu-berlin.de/IfM/Nachrufe/Frank_Lutz/stellar/library_of_triangulations/spherical_3manifolds.txt	2026-09-08	true	805d0f589909f3f04495799515d12e4b59eedd94b3a0c85ed0798e7ab17bb1cb
P_4	lutz		spherical_3manifolds	P_4		https://www3.math.tu-berlin.de/IfM/Nachrufe/Frank_Lutz/stellar/library_of_triangulations/spherical_3manifolds.txt	2026-09-08	true	60f2b3bfee5c5c7da7618d3e7092c65abd428c2f50ccfef8ee6028a34dd6a522
P_5	lutz		spherical_3manifolds	P_5		https://www3.math.tu-berlin.de/IfM/Nachrufe/Frank_Lutz/stellar/library_of_triangulations/spherical_3manifolds.txt	2026-09-08	true	4f80401441cf9ddc0c94095e1972277361cf99d47d44766711b240965597c411
P_6	lutz		spherical_3manifolds	P_6		https://www3.math.tu-berlin.de/IfM/Nachrufe/Frank_Lutz/stellar/library_of_triangulations/spherical_3manifolds.txt	2026-09-08	true	124a32a9274c36a9c0c499c2ccd9e1be5c64b37836d6882648bd1da59bd7093f
P_7	lutz		spherical_3manifolds	P_7		https://www3.math.tu-berlin.de/IfM/Nachrufe/Frank_Lutz/stellar/library_of_triangulations/spherical_3manifolds.txt	2026-09-08	true	95cb3040f56507d45285ce11abcb7cf7ad390aa8b59700cd9159291553d18d53
P_8	lutz		spherical_3manifolds	P_8		https://www3.math.tu-berlin.de/IfM/Nachrufe/Frank_Lutz/stellar/library_of_triangulations/spherical_3manifolds.txt	2026-09-08	true	68477e1ca4120cdf917f502458c7d30a1fd5d1f0b8f9258997de4668dba99aa4
P_9	lutz		spherical_3manifolds	P_9		https://www3.math.tu-berlin.de/IfM/Nachrufe/Frank_Lutz/stellar/library_of_triangulations/spherical_3manifolds.txt	2026-09-08	true	e96748c70cc8f01aee72672578aba7692e8e3d7c8af7ff66f7a94b9ca9f1cede
Poincare sphere	sage	PoincareHomologyThreeSphere()			SageMath version 10.3, Release Date: 2024-03-19			true	dead5e613d09d04a8b236077b27e073823a3c1261dc42ef03e885715afb48e69
RP^2	sage	RealProjectivePlane()			SageMath version 10.3, Release Date: 2024-03-19			true	c546fdb2e304fc376a3e7d20a55c2138029ca8847c1fe6976fee20aca021ddd8
RP^2xS^1	lutz		S2xR_spaces	RP^2xS^1		https://www3.math.tu-berlin.de/IfM/Nachrufe/Frank_Lutz/stellar/library_of_triangulations/S2xR_spaces.txt	2026-09-08	true	51e3ba29c0f826ee630384a368c01ba49fad7d07ef023e4061a677ed31580023
RP^3	sage	RealProjectiveSpace(3)			SageMath version 10.3, Release Date: 2024-03-19			true	1542f0ea754ab15c082fee594ef4eece3db4b09e84870b7367b2d70cc2cecdde
RP^3#RP^3	lutz		S2xR_spaces	RP^3#RP^3		https://www3.math.tu-berlin.de/IfM/Nachrufe/Frank_Lutz/stellar/library_of_triangulations/S2xR_spaces.txt	2026-09-08	true	6ccdf71707f08553f312e888c361f3951061a1961fd605ede98192840efe1f44
RP^4	sage	RealProjectiveSpace(4)			SageMath version 10.3, Release Date: 2024-03-19			true	4062380d7f2008443b5088ec682acbcb6b7cd7070482bee64a886e128e873679
RP^4#11(S^2xS^2)	lutz		RP4_11S2xS2			https://www3.math.tu-berlin.de/IfM/Nachrufe/Frank_Lutz/stellar/library_of_triangulations/RP4_11S2xS2.txt	2026-09-08	true	218e7cf839b000e54d0838d7b38a51f7c80468a2236f82ecf87ebb9758d3ee44
RP^4#K3	lutz		RP4_K3_17			https://www3.math.tu-berlin.de/IfM/Nachrufe/Frank_Lutz/stellar/library_of_triangulations/RP4_K3_17.txt	2026-09-08	true	342a11066ced23fb66544224efa67058881beaf4d9e4d66a31c9171d698bcae3
RP^5	lutz		RP5_24			https://www3.math.tu-berlin.de/IfM/Nachrufe/Frank_Lutz/stellar/library_of_triangulations/RP5_24.txt	2026-09-08	true	baf6bf4e63cd131542d877a3e13a7282d5c10d6d5d89c70c7cc6f5967b7c9406
S^0	builtin	sphere(0)						true	1e9987e996a1c529f61f4339797481b7b1138b15f18a44e06dde45eabbc67921
S^1	builtin	sphere(1)						true	292050944910a3a7f1da145b8d152535524602ddce87f8a25a30aea5bf589526
S^2	builtin	sphere(2)						true	41d49c975f160871b5e3210fa4e0d84f9b4abfb79c57c63a692ab77ead820200
S^2 x Poincare sphere	lutz		S2xpoincare			https://www3.math.tu-berlin.de/IfM/Nachrufe/Frank_Lutz/stellar/library_of_triangulations/S2xpoincare.txt	2026-09-08	true	dc11a236428bf0dde57f989b650d40dc023ef3f80d030d2331e208f5799b4f22
S^2twistS^1	lutz		S2xR_spaces	S^2twistS^1		https://www3.math.tu-berlin.de/IfM/Nachrufe/Frank_Lutz/stellar/library_of_triangulations/S2xR_spaces.txt	2026-09-08	true	b285e10fcc5ac14854796bceb29004f0104ca2f0e7da6237fe269d657b37a748
S^2xS^1	lutz		S2xR_spaces	S^2xS^1		https://www3.math.tu-berlin.de/IfM/Nachrufe/Frank_Lutz/stellar/library_of_triangulations/S2xR_spaces.txt	2026-09-08	true	dba93d3249360527c08a54a1e9c47ad31d24de274d48a05b4fd65f87e8c8c1f0
S^2xS^2	lutz		small_4_manifolds	S^2xS^2		https://www3.math.tu-berlin.de/IfM/Nachrufe/Frank_Lutz/stellar/library_of_triangulations/small_4_manifolds.txt	2026-09-08	true	af997902694756a717f43eb58c677de0b28cfbe4b017ae776bdb512afeeafd40
S^3	builtin	sphere(3)						true	128ebeebd4b4f727d8e4273c75a1d7ffc05d7dff4c1d5ce08d0b398ebb383536
S^3twistS^1	lutz		small_4_manifolds	S^3twistS^1		https://www3.math.tu-berlin.de/IfM/Nachrufe/Frank_Lutz/stellar/library_of_triangulations/small_4_manifolds.txt	2026-09-08	true	9f8031f8ec2a94cc1a192995f1d14b3d820fc01206c015a53d2bfe8bd30e4d1f
S^3xS^1	lutz		small_4_manifolds	S^3xS^1		https://www3.math.tu-berlin.de/IfM/Nachrufe/Frank_Lutz/stellar/library_of_triangulations/small_4_manifolds.txt	2026-09-08	true	38734e43eecd9eb23f90e42242356a8ded3a845f94bad25ac017fecede686d33
S^3xS^2	lutz		S3xS2	S3xS2_12^a		https://www3.math.tu-berlin.de/IfM/Nachrufe/Frank_Lutz/stellar/library_of_triangulations/S3xS2.txt	2026-09-08	true	9353801549ac072e62061b123659be3afdf847fa66ce8f08b458417ea4b1c56a
S^4	builtin	sphere(4)						true	e6c3f70e42fa3a825f97c336d275c35d96ea5d55e58b957aabb5621ab766af44
S^5	builtin	sphere(5)						true	51f8a3b74dfaa20d0899cb4aea52a8151408aabb518ebf7c4f9795368c21ae46
S^6	builtin	sphere(6)						true	59436b96f2e96c6a2270447b92323c7e5522feb19db628fe0114ea511e7a7a24
Sigma(2,3,7)	lutz		homology_3spheres	Sigma_2_3_7		https://www3.math.tu-berlin.de/IfM/Nachrufe/Frank_Lutz/stellar/library_of_triangulations/homology_3spheres.txt	2026-09-08	true	fc8b9afed25f73b95b2a3541f02b289e3ae99ae4d5603a38ff50ace520a4e668
Sigma(2,5,7)	lutz		homology_3spheres	Sigma_2_5_7		https://www3.math.tu-berlin.de/IfM/Nachrufe/Frank_Lutz/stellar/library_of_triangulations/homology_3spheres.txt	2026-09-08	true	87093c25aae42efe1f8b1777e54c2822d662188f3e3bba1d995cb95f78f94b2e
Sigma(3,4,5)	lutz		homology_3spheres	Sigma_3_4_5		https://www3.math.tu-berlin.de/IfM/Nachrufe/Frank_Lutz/stellar/library_of_triangulations/homology_3spheres.txt	2026-09-08	true	9b335acedf01c21b0bf59416aa95be13803604580cd49811b95b6975dcef02af
Sigma(3,4,7)	lutz		homology_3spheres	Sigma_3_4_7		https://www3.math.tu-berlin.de/IfM/Nachrufe/Frank_Lutz/stellar/library_of_triangulations/homology_3spheres.txt	2026-09-08	true	69837b4803249c7fc2926f44c72071e3b85e35d172512976b78fb7214c76febb
Sigma(3,5,7)	lutz		homology_3spheres	Sigma_3_5_7		https://www3.math.tu-berlin.de/IfM/Nachrufe/Frank_Lutz/stellar/library_of_triangulations/homology_3spheres.txt	2026-09-08	true	577bdae8b7d957e56a0f5f843b52a93b755aa1968c4c57e751ca919d18419e31
Sigma(4,5,7)	lutz		homology_3spheres	Sigma_4_5_7		https://www3.math.tu-berlin.de/IfM/Nachrufe/Frank_Lutz/stellar/library_of_triangulations/homology_3spheres.txt	2026-09-08	true	6ab3ca241ea677a60b33ff20d68a8cdc8c605aba33b82d16bbf575c5cb6f9018
Sigma_15	lutz		regular_2_21_23_1			https://www3.math.tu-berlin.de/IfM/Nachrufe/Frank_Lutz/stellar/library_of_triangulations/regular_2_21_23_1.txt	2026-09-08	true	2f4e8a2070ca536cb278afce8011822b14ca5fd8477889dc57ea2c09e38f32f0
Sigma_2	sage	SurfaceOfGenus(2)			SageMath version 10.3, Release Date: 2024-03-19			false	17762860a9c23878411e787c717c690dd0f4893a079779878c95000d3574cb68
Sigma_2 x S^1	lutz		H2xR_spaces	o_g2xS1		https://www3.math.tu-berlin.de/IfM/Nachrufe/Frank_Lutz/stellar/library_of_triangulations/H2xR_spaces.txt	2026-09-08	true	92fd223c05bfaad368ea156fb2b79d4d7300d1fd8fe210267278a35fc4034f2c
Sigma_26	sage	FareyMap(11)			SageMath version 10.3, Release Date: 2024-03-19			true	1e27f16141ccc023a3195a67225006f143926d77f9eee5087a8429557b923673
Sigma_3	sage	SurfaceOfGenus(3)			SageMath version 10.3, Release Date: 2024-03-19			false	e79ede5ee464ebb930c328a427069679bdc7320428988726b5ac6cc42e5515ab
Sigma_3 x S^1	lutz		H2xR_spaces	o_g3xS1		https://www3.math.tu-berlin.de/IfM/Nachrufe/Frank_Lutz/stellar/library_of_triangulations/H2xR_spaces.txt	2026-09-08	true	6232bd2f3298f899a906df674cf0beddf2619e6151cff27c3608fb47cfc26161
Sigma_4	sage	SurfaceOfGenus(4)			SageMath version 10.3, Release Date: 2024-03-19			false	4089fadc1c51c1ccdd9bf7089b15d1b4ff0ec61fce1c2989a958b9c03a019ff9
Sigma_4 x S^1	lutz		H2xR_spaces	o_g4xS1		https://www3.math.tu-berlin.de/IfM/Nachrufe/Frank_Lutz/stellar/library_of_triangulations/H2xR_spaces.txt	2026-09-08	true	a1d9fecb286c4107bcec4b0922a8db467d457764cd9d3711e965eae5f9fc934f
Sigma_5	sage	SurfaceOfGenus(5)			SageMath version 10.3, Release Date: 2024-03-19			false	595f89990cdc0efbdcb0f134b2b0e88de11722d75bcbe5772e24a92715f3b873
Sigma_5 x S^1	lutz		H2xR_spaces	o_g5xS1		https://www3.math.tu-berlin.de/IfM/Nachrufe/Frank_Lutz/stellar/library_of_triangulations/H2xR_spaces.txt	2026-09-08	true	394ce76f1b47db8ba879e93ea75a38a7986017c0a0accf9b0b1bf11f324eb1e3
Sigma_6	sage	SurfaceOfGenus(6)			SageMath version 10.3, Release Date: 2024-03-19			false	3822d5e7830d6a44d845f6978c998097cecd93ea138122769ae1632fdf75497a
SumComplex(5,[0,1,3])	sage	SumComplex(5,[0,1,3])			SageMath version 10.3, Release Date: 2024-03-19			true	5dc2dde8e87e2b6e9ade2861fbf6bbc43bcadb00d7861e562a2b39f8e10fcdda
T^2	sage	Torus()			SageMath version 10.3, Release Date: 2024-03-19			true	6e38b4688ce8f661a8e3b6048c60e939c1d082840e3a972f886a11455a7b55f1
T^3	lutz		flat_3manifolds	T^3		https://www3.math.tu-berlin.de/IfM/Nachrufe/Frank_Lutz/stellar/library_of_triangulations/flat_3manifolds.txt	2026-09-08	true	a72d05fe91bb7e32c22a8699f442da9ab8e0ff54e886cac2f9873570a70026ff
Weber-Seifert space	lutz		hyperbolic_dodecahedral_space			https://www3.math.tu-berlin.de/IfM/Nachrufe/Frank_Lutz/stellar/library_of_triangulations/hyperbolic_dodecahedral_space.txt	2026-09-08	true	4b3c7d771c1c1336e2ea289eaa8c6773b5dc79ec993ef0bc11a07a23e744c84f
Wu manifold	lutz		SU2_SO3			https://www3.math.tu-berlin.de/IfM/Nachrufe/Frank_Lutz/stellar/library_of_triangulations/SU2_SO3.txt	2026-09-08	true	f5830897e4857540e467550d1904adac5af01239373c73d5b6ec57373302e263
cube_space	lutz		spherical_3manifolds	cube_space		https://www3.math.tu-berlin.de/IfM/Nachrufe/Frank_Lutz/stellar/library_of_triangulations/spherical_3manifolds.txt	2026-09-08	true	5b202358da92bf9bea2a7e5c90b059215b2b77e6aba6fde800748ba0551f9940
hyperbolic vol 0.94270736	lutz		hyperbolic_3manifolds	or_0.94270736		https://www3.math.tu-berlin.de/IfM/Nachrufe/Frank_Lutz/stellar/library_of_triangulations/hyperbolic_3manifolds.txt	2026-09-08	true	bc99cbb92747ede404ef382f5b8fb9211926d1c3c10a8d44c2480667b1b47a98
hyperbolic vol 0.98136883	lutz		hyperbolic_3manifolds	or_0.98136883		https://www3.math.tu-berlin.de/IfM/Nachrufe/Frank_Lutz/stellar/library_of_triangulations/hyperbolic_3manifolds.txt	2026-09-08	true	a6d67829b28c56e4cc2d46ee6e0684f2a9e0e74d81accb301b9acf2a60262791
hyperbolic vol 1.01494161	lutz		hyperbolic_3manifolds	or_1.01494161		https://www3.math.tu-berlin.de/IfM/Nachrufe/Frank_Lutz/stellar/library_of_triangulations/hyperbolic_3manifolds.txt	2026-09-08	true	f4ac6936610296a2619e4b48bc744512d31e536ec9a47331a3882f8e6a05f728
hyperbolic vol 1.26370924	lutz		hyperbolic_3manifolds	or_1.26370924		https://www3.math.tu-berlin.de/IfM/Nachrufe/Frank_Lutz/stellar/library_of_triangulations/hyperbolic_3manifolds.txt	2026-09-08	true	17b335ce3d7c3f7b34e6cfa148f639ca6d0cb43fc97dd31fc66882b2b070511f
hyperbolic vol 1.28448530	lutz		hyperbolic_3manifolds	or_1.28448530		https://www3.math.tu-berlin.de/IfM/Nachrufe/Frank_Lutz/stellar/library_of_triangulations/hyperbolic_3manifolds.txt	2026-09-08	true	ae42a04dede003cf4808f79490fedd961e139c8049f6f7c1cc48eb10577e90d0
hyperbolic vol 1.39850888	lutz		hyperbolic_3manifolds	or_1.39850888		https://www3.math.tu-berlin.de/IfM/Nachrufe/Frank_Lutz/stellar/library_of_triangulations/hyperbolic_3manifolds.txt	2026-09-08	true	2a1e8c148a5a0a7f290db90c2dacae0738e15b69beb6a82915dda32ece3097d9
hyperbolic vol 1.41406104_a	lutz		hyperbolic_3manifolds	or_1.41406104_a		https://www3.math.tu-berlin.de/IfM/Nachrufe/Frank_Lutz/stellar/library_of_triangulations/hyperbolic_3manifolds.txt	2026-09-08	true	19be8c019019b023c781282b29a77f778ddec36657ad8ecd2c4816159652d85f
hyperbolic vol 1.41406104_b	lutz		hyperbolic_3manifolds	or_1.41406104_b		https://www3.math.tu-berlin.de/IfM/Nachrufe/Frank_Lutz/stellar/library_of_triangulations/hyperbolic_3manifolds.txt	2026-09-08	true	fd7bd82fa2c3981996f918387b047b9ec28cb468114527d9c5a40bf2e42f47bc
hyperbolic vol 1.42361190	lutz		hyperbolic_3manifolds	or_1.42361190		https://www3.math.tu-berlin.de/IfM/Nachrufe/Frank_Lutz/stellar/library_of_triangulations/hyperbolic_3manifolds.txt	2026-09-08	true	8e850c50f0aa2127f7e0db9591a215ae641b7e88ce3d9c78623f731c0892d4a7
hyperbolic vol 1.44069901	lutz		hyperbolic_3manifolds	or_1.44069901		https://www3.math.tu-berlin.de/IfM/Nachrufe/Frank_Lutz/stellar/library_of_triangulations/hyperbolic_3manifolds.txt	2026-09-08	true	7db113987866697bf5b03adfa37e5aa72b439ae1171c0f290f67952629bfa492
hyperbolic vol 1.46377664	lutz		hyperbolic_3manifolds	or_1.46377664		https://www3.math.tu-berlin.de/IfM/Nachrufe/Frank_Lutz/stellar/library_of_triangulations/hyperbolic_3manifolds.txt	2026-09-08	true	4ea3c81668c36a62bc12a03c90088fdf1520dcb6eb64ea26458462db477737fe
hyperbolic vol 1.52947733	lutz		hyperbolic_3manifolds	or_1.52947733		https://www3.math.tu-berlin.de/IfM/Nachrufe/Frank_Lutz/stellar/library_of_triangulations/hyperbolic_3manifolds.txt	2026-09-08	true	07a9bfc0dd12b6e28c1cc7f4f7b634a0add251b2d37ba3f2813d564a4dc35552
hyperbolic vol 1.54356891_a	lutz		hyperbolic_3manifolds	or_1.54356891_a		https://www3.math.tu-berlin.de/IfM/Nachrufe/Frank_Lutz/stellar/library_of_triangulations/hyperbolic_3manifolds.txt	2026-09-08	true	f260e2271b108896a81e60326744e088782a3cbf7e3c7454b73de6194690b27c
hyperbolic vol 1.54356891_b	lutz		hyperbolic_3manifolds	or_1.54356891_b		https://www3.math.tu-berlin.de/IfM/Nachrufe/Frank_Lutz/stellar/library_of_triangulations/hyperbolic_3manifolds.txt	2026-09-08	true	8d85dcb3e451f8936bbb477415d8d7adeac811379c542a757ad62abe71bd8f6f
hyperbolic vol 1.58316666_a	lutz		hyperbolic_3manifolds	or_1.58316666_a		https://www3.math.tu-berlin.de/IfM/Nachrufe/Frank_Lutz/stellar/library_of_triangulations/hyperbolic_3manifolds.txt	2026-09-08	true	e2b481050e1e6a8ad05dd53cb6902cd7909d2cc243cf83d5fdc38ae6033cec0a
hyperbolic vol 1.58316666_b	lutz		hyperbolic_3manifolds	or_1.58316666_b		https://www3.math.tu-berlin.de/IfM/Nachrufe/Frank_Lutz/stellar/library_of_triangulations/hyperbolic_3manifolds.txt	2026-09-08	true	cbfa8e763ed24eadb3917fea20ea88ceff3e7fdde3afd2de8add68513d58d0bb
hyperbolic vol 1.58864664_a	lutz		hyperbolic_3manifolds	or_1.58864664_a		https://www3.math.tu-berlin.de/IfM/Nachrufe/Frank_Lutz/stellar/library_of_triangulations/hyperbolic_3manifolds.txt	2026-09-08	true	8ec8e40a913f82a8af99c520e61281bff8640f40fae71ff830df677385cbd920
hyperbolic vol 1.58864664_b	lutz		hyperbolic_3manifolds	or_1.58864664_b		https://www3.math.tu-berlin.de/IfM/Nachrufe/Frank_Lutz/stellar/library_of_triangulations/hyperbolic_3manifolds.txt	2026-09-08	true	13c6fab55c7ad76d591cba2c7da217eefa10faebb822308e58eb832850a3887e
hyperbolic vol 1.64960972	lutz		hyperbolic_3manifolds	or_1.64960972		https://www3.math.tu-berlin.de/IfM/Nachrufe/Frank_Lutz/stellar/library_of_triangulations/hyperbolic_3manifolds.txt	2026-09-08	true	d618f420eec6bb09043c0e436cbb41a3914a99f3e6c7a1ef5342e4d213db1bb8
hyperbolic vol 1.75712603	lutz		hyperbolic_3manifolds	or_1.75712603		https://www3.math.tu-berlin.de/IfM/Nachrufe/Frank_Lutz/stellar/library_of_triangulations/hyperbolic_3manifolds.txt	2026-09-08	true	6fb5e1131502a70912c4a235e058dcaf6fd36c15d0b45d22a1a5f5a66b5b8af0
octahedron_space	lutz		spherical_3manifolds	octahedron_space		https://www3.math.tu-berlin.de/IfM/Nachrufe/Frank_Lutz/stellar/library_of_triangulations/spherical_3manifolds.txt	2026-09-08	true	6d034f9cdfb422c36dbc58d6a0efacbf91b0e14d47f36a41cbe168936534f9f0
point	builtin	point_space()						true	5feceb66ffc86f38d952786c6d696c79c2dbc239dd4e91b46729d73a27fb57e9
rand2_n25	lutz		rand2_n25_p0.328			https://www3.math.tu-berlin.de/IfM/Nachrufe/Frank_Lutz/stellar/library_of_triangulations/rand2_n25_p0.328.txt	2026-09-08	true	5b41e1d92569cf2397d9cfe6266633f9a84b8b0b893e8172f190782746634ad8
truncated_cube_space	lutz		spherical_3manifolds	truncated_cube_space		https://www3.math.tu-berlin.de/IfM/Nachrufe/Frank_Lutz/stellar/library_of_triangulations/spherical_3manifolds.txt	2026-09-08	true	698509692816e595841e4807c60a277ae4ac350bf515a544d1ddeb8a505c756d
